nome,cpf,idade,endereco,estado
Sr. Vitor Gabriel Silva,640.***.***-01,,"trevo emanuel silva, 482",ap
Calebe Santos,651.***.***-46,,"recanto moraes, 7",pb
Maria Julia Castro,164.***.***-43,,"residencial de pereira, 20",al
Arthur Da Rosa,085.***.***-30,,"parque almeida, 66",se
Juan Pereira,520.***.***-21,,"rodovia de pereira, 51",ba
Dra. Ana Laura Ribeiro,210.***.***-20,,esplanada lavínia ramos,sp
Maria Clara Araújo,960.***.***-80,,"praça cavalcanti, 65",ro
Vitória Oliveira,302.***.***-83,,"esplanada monteiro, 88",go
Benjamin Oliveira,451.***.***-84,,"ladeira monteiro, 57",ce
Pietro Barros,843.***.***-50,,"recanto luiz miguel jesus, 35",pb
Samuel Cavalcanti,520.***.***-01,,"ladeira de porto, 38",to
Ian Da Costa,384.***.***-78,,"via de jesus, 57",pb
Dr. Emanuel Costa,736.***.***-19,,"lago castro, 94",rj
Larissa Da Cruz,128.***.***-60,,"setor isadora da rosa, 583",rr
Diogo Carvalho,078.***.***-97,,"viaduto pedro lucas cavalcanti, 49",rs
Sr. Anthony Almeida,305.***.***-60,,"rua vitor hugo pinto, 21",rj
Clara Martins,397.***.***-86,,"rodovia aragão, 245",mg
Dr. Luiz Felipe Cardoso,374.***.***-20,,"alameda de lima, 65",pe
Sr. Calebe Lopes,135.***.***-77,,"trecho lucas sales, 24",ro
Miguel Monteiro,097.***.***-41,,"passarela igor novaes, 89",se
Srta. Catarina Da Mata,468.***.***-57,,"sítio luna carvalho, 98",am
João Gabriel Araújo,625.***.***-25,,"esplanada de castro, 4",mt
Sr. Nicolas Azevedo,036.***.***-33,,"estrada de aragão, 1",ac
Kamilly Caldeira,508.***.***-47,,via gabriela nascimento,ap
Renan Araújo,186.***.***-57,,"travessa vinicius da mata, 52",ce
Vicente Nascimento,054.***.***-32,,largo vieira,df
Isaac Rocha,873.***.***-69,,"área lucas gabriel silveira, 51",pe
Julia Das Neves,819.***.***-05,,"jardim isabelly gomes, 23",es
Breno Rodrigues,196.***.***-34,,distrito de silveira,am
Isabel Nogueira,968.***.***-65,,travessa ana júlia da rocha,to
Anthony Araújo,208.***.***-26,,"avenida milena pires, 360",ap
Sra. Marina Da Cunha,067.***.***-95,,"rodovia marcelo souza, 25",rn
Helena Cardoso,853.***.***-39,,"pátio alexandre teixeira, 243",rr
Luigi Nunes,593.***.***-24,,"via clara da rosa, 928",rr
Srta. Raquel Da Costa,278.***.***-09,,"estação ribeiro, 46",pb
Sra. Ana Vitória Oliveira,120.***.***-17,,"sítio de cavalcanti, 97",pa
Luiza Campos,974.***.***-03,,"condomínio de rodrigues, 52",sc
Lucca Da Paz,526.***.***-95,,"rodovia vieira, 63",rn
Nathan Da Rosa,907.***.***-25,,"recanto de da conceição, 1",am
Lívia Silveira,804.***.***-85,,"setor de azevedo, 375",al
Isabel Cavalcanti,492.***.***-04,,"ladeira pietra cunha, 13",pa
Rafael Nunes,285.***.***-76,,"vereda davi lucca barbosa, 35",go
Elisa Fogaça,572.***.***-92,,"rodovia ana júlia araújo, 68",pe
Agatha Ramos,948.***.***-85,,"distrito de barros, 41",rj
Kamilly Rocha,946.***.***-48,,"feira campos, 17",df
Antônio Das Neves,435.***.***-82,,"avenida vitor hugo cardoso, 34",sc
Luiz Gustavo Alves,198.***.***-10,,"rodovia de souza, 63",ms
Emanuella Fernandes,097.***.***-96,,"residencial ian da paz, 6",pr
Srta. Ana Beatriz Farias,431.***.***-39,,"ladeira de da paz, 98",pe
Yago Monteiro,865.***.***-00,,"ladeira pereira, 21",ba
Yasmin Gonçalves,017.***.***-14,,"área barros, 46",ba
Bruna Nascimento,132.***.***-52,,"vereda luiz felipe costa, 70",df
Davi Luiz Nogueira,873.***.***-50,,"vila sales, 97",es
Ian Monteiro,324.***.***-91,,"favela alana ribeiro, 318",ms
Srta. Helena Silva,905.***.***-01,,"parque freitas, 82",ac
Bárbara Novaes,038.***.***-15,,"trecho bryan da cunha, 1",pa
Sr. Pedro Lucas Costela,534.***.***-00,,esplanada moreira,es
Rafael Jesus,673.***.***-80,,"campo de barros, 16",df
Sra. Alícia Caldeira,051.***.***-70,,"distrito esther campos, 264",pa
Danilo Martins,760.***.***-39,,"largo pires, 78",ap
Sr. Gabriel Da Rosa,530.***.***-53,,campo isabelly freitas,ce
Augusto Teixeira,412.***.***-16,,favela maria novaes,rr
Ana Julia Da Rosa,630.***.***-65,,"trevo moraes, 5",sp
Lucca Barbosa,836.***.***-77,,"rua mendes, 337",sp
Amanda Da Costa,268.***.***-29,,"lagoa cardoso, 1",sp
Dr. Francisco Cardoso,430.***.***-50,,"lago maitê campos, 31",to
Lorena Farias,268.***.***-82,,"residencial barbosa, 44",ap
Anthony Da Costa,935.***.***-97,,"recanto de rocha, 68",se
Cauã Rodrigues,107.***.***-87,,"vale gustavo henrique alves, 50",al
Anthony Barbosa,631.***.***-00,,vila farias,rn
Ana Julia Almeida,179.***.***-09,,"fazenda de porto, 3",ma
Milena Barros,314.***.***-51,,"setor miguel pires, 3",pa
Murilo Gomes,759.***.***-93,,morro de castro,sp
Daniel Barbosa,812.***.***-98,,"praça ferreira, 764",ce
Dr. Samuel Cardoso,039.***.***-96,,"vereda cauê novaes, 14",ba
Ana Laura Sales,863.***.***-22,,"fazenda de pinto, 42",pr
Mariana Cunha,492.***.***-25,,"loteamento luiz felipe teixeira, 87",am
Sr. João Guilherme Cavalcanti,347.***.***-70,,"quadra emanuella da conceição, 29",ms
Kamilly Rocha,365.***.***-10,,"rodovia danilo costa, 17",ms
Gabriel Nunes,940.***.***-04,,vila stephany lima,pa
Rafael Correia,579.***.***-05,,"morro de cardoso, 47",se
Ana Lívia Barbosa,925.***.***-60,,lagoa sarah azevedo,ce
Maitê Teixeira,694.***.***-39,,"loteamento oliveira, 29",pe
Carlos Eduardo Santos,937.***.***-37,,"largo nascimento, 97",pr
Enzo Gabriel Araújo,349.***.***-96,,Endereço inválido,Desconhecido
Breno Moreira,184.***.***-49,,"aeroporto de das neves, 7",al
Julia Lopes,106.***.***-31,,"conjunto de cardoso, 5",pr
André Lima,645.***.***-70,,viaduto cardoso,ro
João Gabriel Barbosa,190.***.***-67,,fazenda de barros,df
,438.***.***-56,,colônia maria vitória moura,go
João Felipe Oliveira,830.***.***-00,,avenida de cardoso,rn
Samuel Vieira,218.***.***-53,,"lagoa leandro caldeira, 1",mt
Lucca Ferreira,237.***.***-19,,"esplanada de das neves, 5",mg
Samuel Castro,582.***.***-70,,"praia eloah da mata, 95",al
Maria Vitória Teixeira,426.***.***-25,,"praia carvalho, 7",pa
Maria Fernanda Farias,907.***.***-20,,"área de correia, 44",am
Fernanda Sales,879.***.***-32,,"vale lorenzo almeida, 80",pe
Srta. Eduarda Nogueira,602.***.***-07,,chácara isadora das neves,pb
Maitê Ferreira,016.***.***-99,,estação cunha,pr
Catarina Pires,079.***.***-11,,"loteamento de lima, 1",mt
Manuela Da Rocha,839.***.***-57,,"alameda de gonçalves, 79",sp
Nina Moura,604.***.***-25,,"quadra bernardo ferreira, 85",pa
Pedro Henrique Vieira,526.***.***-03,,"rodovia alícia dias, 58",rr
Ana Clara Cunha,862.***.***-02,,"rua de cavalcanti, 8",ac
Pietra Santos,508.***.***-67,,"esplanada de silva, 1",go
Sr. Theo Da Conceição,284.***.***-14,,"viaduto de freitas, 12",rr
Vinicius Da Costa,023.***.***-16,,"recanto valentina pinto, 52",pa
Pedro Henrique Cunha,519.***.***-93,,"passarela de santos, 501",es
Davi Nogueira,564.***.***-11,,"morro lucca da rocha, 40",ce
Luiz Fernando Da Paz,409.***.***-11,,"praça de da paz, 5",to
Srta. Letícia Rocha,137.***.***-32,,"fazenda joão felipe souza, 78",sc
João Nogueira,367.***.***-10,,"rodovia cauê monteiro, 50",ce
João Gabriel Cardoso,962.***.***-34,,"área de ferreira, 20",ac
Ryan Ribeiro,409.***.***-48,,"núcleo almeida, 41",pb
Olivia Das Neves,314.***.***-55,,"lagoa de vieira, 25",al
Sr. Luiz Miguel Pinto,942.***.***-76,,"conjunto da luz, 6",sc
Elisa Teixeira,217.***.***-73,,"ladeira de rodrigues, 58",es
Pedro Miguel Das Neves,523.***.***-03,,"jardim de nascimento, 7",rs
Maria Luiza Azevedo,064.***.***-47,,"quadra de da cruz, 42",pe
Lorenzo Silva,642.***.***-13,,"conjunto de da cruz, 1",rj
Bianca Souza,673.***.***-40,,"colônia francisco campos, 7",sc
Vitor Azevedo,643.***.***-20,,largo de barbosa,al
Enzo Gabriel Lima,187.***.***-94,,aeroporto rezende,sp
Eduarda Cunha,093.***.***-32,,"campo de pinto, 72",pi
Sra. Nicole Da Rocha,367.***.***-03,,"setor de ferreira, 742",rr
Ana Clara Santos,430.***.***-04,,"ladeira de sales, 15",df
Enzo Gabriel Castro,694.***.***-65,,ladeira de teixeira,pb
Nicole Ferreira,701.***.***-22,,"aeroporto duarte, 9",es
Erick Sales,498.***.***-48,,"trecho de martins, 51",pr
Anthony Barros,742.***.***-07,,"vila alexia viana, 87",pa
Renan Da Rocha,986.***.***-10,,"morro melo, 463",ro
Marcela Santos,843.***.***-42,,"residencial de aragão, 65",rn
Carolina Melo,970.***.***-05,,"vereda kamilly da rosa, 80",sc
Lavínia Rezende,946.***.***-70,,"morro davi luiz correia, 38",ce
Srta. Julia Porto,502.***.***-61,,"distrito ana laura aragão, 90",ma
Alana Cardoso,572.***.***-41,,"favela gonçalves, 32",pr
Davi Lucas Cardoso,805.***.***-83,,"viela da paz, 92",mt
Raul Santos,315.***.***-03,,"loteamento emanuelly sales, 135",sp
Igor Melo,261.***.***-17,,"favela oliveira, 67",pr
Joaquim Da Costa,274.***.***-56,,"condomínio campos, 38",sp
João Felipe Farias,936.***.***-01,,"estação milena silva, 549",pe
Manuela Almeida,647.***.***-30,,"feira alice ramos, 3",pe
Ryan Rocha,248.***.***-51,,"passarela nogueira, 8",pi
Luna Da Conceição,935.***.***-91,,"campo campos, 82",ma
Manuela Silva,591.***.***-73,,"jardim beatriz farias, 11",al
Maria Vitória Das Neves,761.***.***-34,,lagoa cavalcanti,pe
Marcela Cunha,904.***.***-32,,"rua sales, 4",se
Bryan Souza,593.***.***-00,,"viaduto thales costela, 23",ba
Kevin Cavalcanti,658.***.***-01,,"distrito maria moraes, 9",pr
Sr. João Gabriel Martins,794.***.***-85,,"esplanada de moura, 95",ma
Gabriela Da Mata,746.***.***-90,,"viaduto de peixoto, 16",ce
Srta. Júlia Fernandes,650.***.***-98,,"condomínio leandro da mota, 20",to
Bárbara Silveira,386.***.***-04,,trevo carvalho,rn
Vinicius Jesus,549.***.***-91,,morro de duarte,rs
Srta. Alice Pires,536.***.***-56,,"praia ana carolina correia, 11",ro
Lara Ferreira,698.***.***-75,,"rodovia de fogaça, 96",rs
Felipe Freitas,863.***.***-01,,"rua duarte, 85",ac
Maysa Pires,852.***.***-11,,"sítio mariana almeida, 86",pr
Letícia Da Mata,308.***.***-31,,"aeroporto da paz, 54",pr
Luigi Cunha,623.***.***-34,,"praia nascimento, 541",pa
Lucas Gabriel Gomes,120.***.***-40,,"distrito de cardoso, 24",pi
Emanuelly Costela,152.***.***-97,,"vale de vieira, 67",pa
Calebe Nascimento,631.***.***-87,,"trecho brenda ferreira, 25",rj
Juan Pires,139.***.***-46,,"avenida de santos, 89",ms
Lívia Costa,582.***.***-50,,"loteamento oliveira, 12",am
Davi Lucas Nunes,679.***.***-03,,"vila viana, 68",am
Dr. Lucca Oliveira,806.***.***-75,,"passarela jesus, 34",pb
Eduardo Monteiro,037.***.***-65,,viaduto caldeira,pe
Diogo Moraes,571.***.***-52,,"sítio aragão, 73",rj
Felipe Freitas,657.***.***-57,,área gabriela nascimento,rr
Ryan Peixoto,830.***.***-98,,"estrada agatha correia, 79",to
Otávio Pires,526.***.***-01,,"pátio ribeiro, 33",ms
Thiago Moreira,023.***.***-03,,"residencial rebeca da paz, 43",sc
Pietro Lopes,428.***.***-19,,"aeroporto moura, 81",sp
Gabriela Gomes,317.***.***-50,,"parque mariane araújo, 1",ro
João Miguel Viana,183.***.***-77,,"estrada de carvalho, 309",df
Sr. Luiz Henrique Nunes,031.***.***-77,,"via da cunha, 11",to
Srta. Ana Sophia Viana,937.***.***-68,,"rodovia agatha cavalcanti, 27",ap
Sr. Marcelo Aragão,418.***.***-40,,praça raul pires,to
Enzo Gabriel Da Mota,018.***.***-24,,vila farias,se
Benjamin Da Rosa,195.***.***-86,,"núcleo maria luiza novaes, 100",rj
Ana Rezende,316.***.***-64,,"esplanada de da cruz, 73",pe
Dr. Thomas Dias,267.***.***-03,,"jardim ana carolina da mota, 6",ap
Breno Ribeiro,803.***.***-78,,"vereda de costela, 27",mg
Lucas Gabriel Novaes,856.***.***-11,,"trevo manuela jesus, 927",sc
Vicente Rodrigues,328.***.***-79,,"chácara cardoso, 14",rn
João Lucas Vieira,985.***.***-05,,"praça de oliveira, 35",rn
Dr. Luiz Henrique Freitas,951.***.***-88,,"residencial luigi duarte, 6",sc
Dra. Luiza Da Conceição,189.***.***-33,,"núcleo de ferreira, 77",pr
Benjamin Cavalcanti,317.***.***-41,,"área de fernandes, 37",mt
Murilo Mendes,653.***.***-17,,"loteamento porto, 4",se
Dr. Renan Rezende,609.***.***-38,,"área de ribeiro, 688",pr
Maysa Porto,081.***.***-84,,"pátio carlos eduardo azevedo, 76",ro
Pedro Lucas Pereira,873.***.***-35,,"quadra almeida, 83",ce
Isadora Nogueira,480.***.***-05,,"feira almeida, 72",rj
Gabriel Ramos,591.***.***-05,,"viaduto de freitas, 46",to
Yago Ferreira,531.***.***-00,,"ladeira agatha almeida, 27",rs
Samuel Da Mata,521.***.***-11,,"residencial cavalcanti, 50",mg
Sophie Pinto,317.***.***-50,,"colônia bryan costela, 404",se
Dr. Rafael Souza,436.***.***-07,,"rodovia de moreira, 6",am
Vitor Hugo Lima,450.***.***-80,,"esplanada oliveira, 654",pr
Dr. Bernardo Da Cruz,230.***.***-50,,"rodovia thomas santos, 48",am
Caio Da Cunha,926.***.***-00,,"vila milena porto, 70",ro
Stephany Duarte,642.***.***-46,,"lagoa rebeca novaes, 77",se
Kevin Da Conceição,074.***.***-94,,"núcleo sales, 59",pe
Srta. Giovanna Aragão,142.***.***-17,,"feira sales, 82",al
Pedro Henrique Pinto,653.***.***-37,,"colônia de azevedo, 22",ce
Joaquim Da Cruz,532.***.***-41,,alameda fernandes,am
Leandro Souza,560.***.***-86,,"estrada de castro, 671",pi
Beatriz Aragão,805.***.***-04,,"trecho calebe ferreira, 902",al
Carlos Eduardo Teixeira,546.***.***-98,,"chácara joão gabriel correia, 983",es
Joana Da Rocha,915.***.***-33,,"lago maria cecília dias, 93",mg
Lucas Gabriel Da Luz,203.***.***-70,,via de santos,df
Davi Lucas Da Costa,502.***.***-52,,"viela mariana ferreira, 867",al
Henrique Da Rocha,713.***.***-44,,"via caio carvalho, 11",am
Lorena Fernandes,574.***.***-93,,residencial joão guilherme campos,pr
Nathan Nogueira,837.***.***-56,,"vereda jesus, 420",df
Srta. Maysa Rezende,726.***.***-55,,"setor de da mata, 49",pi
Erick Santos,680.***.***-67,,"rua lavínia da rosa, 9",to
Agatha Sales,983.***.***-30,,"setor de santos, 49",sp
Ana Beatriz Moreira,637.***.***-66,,"parque thomas nogueira, 74",am
Antônio Da Rocha,943.***.***-23,,"viela de mendes, 45",am
Dra. Vitória Viana,813.***.***-24,,"loteamento barbosa, 28",ro
Enzo Monteiro,534.***.***-04,,"trevo barros, 87",pr
Bernardo Santos,045.***.***-29,,"lagoa isabella viana, 20",pr
Guilherme Cunha,237.***.***-02,,"fazenda rezende, 619",pi
Raul Rodrigues,193.***.***-33,,praça souza,sc
Pietra Lima,591.***.***-39,,"praça almeida, 81",mt
Camila Barbosa,560.***.***-59,,"vila martins, 7",pa
Kaique Almeida,078.***.***-02,,"passarela de pires, 6",ms
Antônio Porto,015.***.***-60,,"aeroporto lavínia porto, 29",rr
Alana Rezende,216.***.***-60,,"parque de aragão, 76",es
Vitor Almeida,134.***.***-00,,"vale ramos, 60",rr
Isabelly Da Mota,709.***.***-48,,loteamento nascimento,pa
Isis Oliveira,893.***.***-87,,"esplanada joão guilherme barbosa, 39",al
Carolina Gomes,845.***.***-28,,parque nascimento,al
Srta. Natália Rodrigues,548.***.***-88,,"largo alves, 654",ms
Fernando Ramos,032.***.***-38,,"trevo de azevedo, 36",pr
Gabriela Da Cruz,109.***.***-77,,"área de barros, 4",ce
Noah Cavalcanti,273.***.***-60,,"setor arthur barros, 58",mt
Clara Moreira,079.***.***-05,,"largo gomes, 85",pb
Laura Araújo,134.***.***-25,,"praia agatha cardoso, 1",pi
Dr. Luiz Otávio Sales,472.***.***-60,,"via novaes, 81",mt
Emilly Da Mata,839.***.***-83,,"pátio castro, 51",es
Kevin Rodrigues,086.***.***-50,,"campo lima, 42",pe
Davi Pereira,209.***.***-89,,"esplanada rafael viana, 38",mg
Thomas Silva,891.***.***-89,,"travessa beatriz fogaça, 47",rn
Ana Lívia Da Cruz,135.***.***-84,,"praça correia, 3",rj
Sr. Vicente Silveira,318.***.***-57,,"viela maria cecília viana, 44",pa
Sophie Caldeira,403.***.***-17,,"vila nina moura, 41",pa
Gabriel Costa,930.***.***-34,,"núcleo carvalho, 87",pi
Ana Carolina Costa,680.***.***-80,,"rodovia de da luz, 710",ro
Maitê Fogaça,543.***.***-57,,residencial beatriz lopes,rn
Bruna Caldeira,259.***.***-03,,"aeroporto de ferreira, 9",ac
Caroline Moura,593.***.***-25,,"chácara da luz, 27",sp
Sra. Ana Júlia Pires,561.***.***-06,,núcleo cardoso,to
Dra. Larissa Fernandes,503.***.***-51,,"residencial de ribeiro, 11",go
Rodrigo Da Luz,416.***.***-61,,"aeroporto de campos, 63",pb
Carlos Eduardo Barros,730.***.***-70,,loteamento de rodrigues,go
Ana Laura Silva,047.***.***-66,,"vale pinto, 70",pi
Maitê Nogueira,517.***.***-06,,"vale costela, 5",sp
Ana Laura Da Luz,681.***.***-90,,"jardim de barros, 111",to
Sra. Brenda Viana,154.***.***-01,,"pátio da rocha, 793",es
Augusto Teixeira,360.***.***-47,,"setor samuel porto, 99",am
Dr. Francisco Lima,318.***.***-70,,"via diego lima, 60",ap
Isaac Da Luz,293.***.***-83,,"área joão lucas lima, 997",ro
Calebe Jesus,068.***.***-00,,"praia vitor gabriel cunha, 89",sc
Kevin Melo,786.***.***-22,,viaduto juliana nogueira,ba
Pedro Miguel Peixoto,079.***.***-68,,"passarela moura, 85",df
Gabrielly Almeida,498.***.***-00,,"condomínio de sales, 62",pb
Murilo Correia,197.***.***-93,,"estação de ribeiro, 893",sp
Matheus Dias,156.***.***-53,,Endereço inválido,Desconhecido
Stella Cardoso,798.***.***-39,,"estrada ana ramos, 10",go
Marcela Barbosa,509.***.***-66,,"estação de azevedo, 639",ms
Ana Carolina Pires,612.***.***-06,,"viaduto eduarda pinto, 76",rs
Helena Aragão,791.***.***-23,,morro lavínia almeida,ap
João Gabriel Oliveira,496.***.***-09,,"travessa oliveira, 28",ma
Maria Cecília Vieira,491.***.***-64,,"conjunto de souza, 842",to
Lorena Rodrigues,461.***.***-90,,"quadra de fogaça, 57",pe
Nicolas Cunha,873.***.***-53,,"estrada de carvalho, 52",go
Vitor Hugo Ramos,485.***.***-06,,"travessa melo, 5",es
Luigi Aragão,704.***.***-74,,"largo de rodrigues, 19",df
Maria Julia Barros,123.***.***-77,,área nogueira,pe
Luiz Gustavo Silveira,178.***.***-03,,estação mendes,pr
Ana Júlia Fernandes,795.***.***-76,,"passarela de carvalho, 69",se
Luiz Miguel Novaes,754.***.***-28,,"morro de nascimento, 17",mg
Gabriel Santos,142.***.***-30,,"largo viana, 3",pe
Srta. Sophie Vieira,624.***.***-17,,"loteamento de viana, 65",pi
Júlia Cardoso,482.***.***-02,,"feira gustavo nascimento, 911",rs
Dra. Gabriela Jesus,846.***.***-40,,vereda cunha,es
Dr. João Gabriel Correia,038.***.***-08,,"aeroporto augusto das neves, 847",to
Luiz Gustavo Jesus,625.***.***-02,,"feira fogaça, 914",pi
Rodrigo Ferreira,527.***.***-49,,"estação moraes, 13",mg
Alícia Ribeiro,514.***.***-94,,"feira maria julia costela, 21",mg
Sr. André Da Mata,169.***.***-15,,"loteamento de lima, 16",se
Srta. Maria Julia Campos,245.***.***-55,,"rodovia pires, 57",sp
João Gabriel Ferreira,018.***.***-03,,pátio carvalho,ap
Thomas Moraes,291.***.***-05,,"parque melo, 462",go
Clara Melo,860.***.***-57,,"alameda vitor gabriel lopes, 52",ms
Luigi Cavalcanti,078.***.***-50,,"campo de campos, 83",rn
Dra. Stella Da Costa,340.***.***-51,,"passarela oliveira, 48",ro
Isabella Da Paz,289.***.***-65,,"via letícia nunes, 280",al
Enzo Da Rocha,874.***.***-13,,"travessa ribeiro, 92",go
Olivia Fernandes,016.***.***-48,,"conjunto eduardo da paz, 2",ap
André Da Mata,648.***.***-08,,"feira clara lima, 5",ma
Pedro Henrique Cavalcanti,938.***.***-86,,"núcleo de rocha, 9",sp
Joaquim Silveira,671.***.***-12,,"vila de freitas, 80",ac
Mirella Rodrigues,216.***.***-94,,"fazenda de lima, 95",rj
Sra. Isabelly Azevedo,087.***.***-76,,"ladeira caldeira, 5",ac
Dr. Samuel Ferreira,720.***.***-87,,"travessa ana lívia da mata, 63",es
Otávio Carvalho,643.***.***-90,,"residencial costa, 9",se
Dra. Stephany Da Mota,154.***.***-51,,"colônia monteiro, 49",mt
Cauê Mendes,152.***.***-44,,"lagoa das neves, 36",ba
Alexandre Nunes,496.***.***-33,,"esplanada souza, 437",mg
Maria Fernanda Aragão,372.***.***-53,,"favela de carvalho, 28",rs
João Guilherme Silva,820.***.***-30,,"praça caroline almeida, 19",df
Lorena Rezende,753.***.***-95,,"lagoa de fogaça, 92",mg
Maria Sophia Da Cruz,690.***.***-34,,"vale ana julia porto, 19",mg
Milena Das Neves,685.***.***-89,,"residencial de cunha, 20",pb
Kamilly Da Cunha,520.***.***-80,,"travessa lucca carvalho, 38",ro
Luiz Miguel Aragão,937.***.***-12,,aeroporto ana clara oliveira,am
Ana Laura Ribeiro,754.***.***-47,,"praia de da mata, 18",rj
Lorena Da Mota,162.***.***-90,,"favela de azevedo, 62",ma
Emanuella Souza,617.***.***-07,,"loteamento ferreira, 493",pi
Cecília Pinto,498.***.***-30,,"campo vinicius campos, 2",mg
Pedro Henrique Cunha,584.***.***-00,,"condomínio bruna mendes, 55",ce
Sra. Eloah Da Mota,901.***.***-03,,"loteamento freitas, 30",sp
Samuel Da Rocha,159.***.***-97,,"trecho de freitas, 8",to
Melissa Almeida,705.***.***-92,,"alameda de da rosa, 2",pe
Carlos Eduardo Da Mota,894.***.***-20,,"largo juliana barbosa, 182",rn
Dr. Vitor Da Mota,789.***.***-28,,viela de da paz,pe
Dr. Diogo Costela,962.***.***-73,,"passarela joão lucas nogueira, 753",pe
Rafaela Rodrigues,578.***.***-60,,"campo vinicius silva, 27",ac
Vitor Hugo Da Conceição,716.***.***-55,,"viaduto de castro, 65",rr
Ana Laura Caldeira,518.***.***-73,,"estrada de rocha, 305",pe
Dra. Laura Silveira,472.***.***-49,,"pátio lopes, 1",am
Sr. Rafael Pereira,492.***.***-79,,"recanto gustavo pereira, 77",pe
Manuela Mendes,518.***.***-60,,"largo kevin barbosa, 2",mg
Igor Lopes,073.***.***-22,,recanto azevedo,ce
Marcelo Moreira,346.***.***-87,,"trecho igor barros, 77",es
Thomas Costela,428.***.***-22,,alameda de pinto,rs
Luiz Otávio Gonçalves,637.***.***-90,,"trevo rezende, 51",mg
Stella Da Costa,063.***.***-07,,"estação de freitas, 32",rr
Luana Da Cruz,083.***.***-86,,distrito rocha,ce
Maria Cecília Lima,132.***.***-89,,"recanto silveira, 47",es
Melissa Teixeira,642.***.***-78,,"residencial de pires, 28",rs
Dr. Vinicius Pires,163.***.***-10,,"distrito de lopes, 397",ms
Luiz Miguel Farias,962.***.***-00,,"feira cardoso, 21",rn
Breno Correia,148.***.***-67,,"conjunto daniel fernandes, 403",go
Laís Costela,306.***.***-53,,"parque maitê santos, 42",rs
Dr. Diego Da Mata,293.***.***-41,,"quadra de da mota, 62",mg
Letícia Da Mota,852.***.***-02,,"viaduto jesus, 11",df
Luna Ferreira,843.***.***-14,,"alameda anthony fogaça, 11",rs
Dr. Emanuel Silveira,430.***.***-80,,"quadra de fogaça, 28",pi
Lorena Sales,263.***.***-15,,fazenda caldeira,am
Davi Da Mata,846.***.***-39,,vila alves,df
Isabel Melo,748.***.***-09,,"feira enrico nogueira, 1",pb
Raul Oliveira,298.***.***-64,,"rua pedro miguel da luz, 95",pa
Levi Da Mata,192.***.***-32,,vila de da mata,ce
Heloísa Castro,587.***.***-44,,"sítio de cardoso, 88",rs
Sra. Júlia Da Paz,046.***.***-74,,"jardim maria sophia ferreira, 95",ce
Luana Viana,213.***.***-21,,"praça de castro, 980",se
Sr. Renan Sales,364.***.***-83,,"praça olivia silveira, 49",ac
Caio Aragão,714.***.***-62,,"área de barros, 86",rn
Srta. Lavínia Ribeiro,263.***.***-51,,"alameda gustavo henrique gonçalves, 50",rj
Sofia Da Mata,806.***.***-84,,"jardim de lopes, 7",am
André Araújo,819.***.***-13,,"alameda de da mota, 94",ce
Nathan Azevedo,285.***.***-82,,"lagoa milena ramos, 4",am
Camila Teixeira,982.***.***-40,,"setor da cunha, 39",rj
Srta. Clara Souza,510.***.***-71,,"área peixoto, 32",se
Yuri Nascimento,129.***.***-73,,"vereda matheus azevedo, 2",ac
Srta. Marcela Gonçalves,148.***.***-87,,"praia raul campos, 12",ce
João Ramos,936.***.***-87,,"jardim enzo da paz, 47",pr
Renan Rocha,720.***.***-92,,"vale oliveira, 22",rs
Sr. Caio Souza,453.***.***-33,,"conjunto maria vitória da cunha, 59",mg
Clarice Farias,743.***.***-22,,"alameda maria fernanda castro, 87",pi
Marcos Vinicius Jesus,597.***.***-00,,"praça de moraes, 588",pa
João Pedro Nunes,910.***.***-42,,"jardim de ramos, 69",pa
Levi Farias,659.***.***-52,,"quadra mendes, 42",go
Dr. Enzo Da Costa,791.***.***-75,,"campo marcela silveira, 66",am
Heloísa Alves,029.***.***-79,,"fazenda de moraes, 637",pr
Luiz Henrique Da Mota,842.***.***-91,,"recanto alves, 105",rr
Camila Caldeira,903.***.***-03,,"lago jesus, 71",ma
Arthur Mendes,918.***.***-05,,esplanada cauã teixeira,sp
João Felipe Campos,362.***.***-06,,"praia heitor castro, 6",ms
Guilherme Azevedo,174.***.***-16,,"viela benjamin campos, 1",ce
Dra. Laura Cunha,364.***.***-50,,"núcleo castro, 7",ba
Noah Moraes,108.***.***-12,,"estrada lucas gabriel caldeira, 856",mg
Davi Lucca Lopes,260.***.***-90,,"trecho freitas, 427",ap
Sophia Da Cruz,621.***.***-15,,via ribeiro,pr
Igor Da Luz,740.***.***-85,,"lago silva, 75",ac
Dr. Samuel Nascimento,692.***.***-73,,"travessa duarte, 59",ro
Maria Fernanda Freitas,968.***.***-28,,favela sarah porto,df
Eduarda Costa,206.***.***-68,,"morro enzo gabriel teixeira, 84",rs
Lorenzo Monteiro,069.***.***-20,,"área da mota, 13",ap
Caroline Cardoso,618.***.***-17,,"viaduto de moreira, 1",df
Henrique Da Rocha,329.***.***-99,,"núcleo luiz gustavo costela, 99",se
Lucas Gabriel Oliveira,743.***.***-38,,via araújo,se
Sr. Arthur Jesus,418.***.***-93,,lago de cardoso,mg
Marcos Vinicius Da Cunha,572.***.***-43,,viaduto de cardoso,pa
Antônio Nogueira,061.***.***-71,,"quadra de da mata, 49",mt
Sophia Monteiro,601.***.***-15,,"núcleo araújo, 155",pa
Dr. Leandro Silva,497.***.***-85,,"estação silva, 18",am
Amanda Farias,185.***.***-08,,"praia lavínia moraes, 29",rj
Srta. Luna Peixoto,912.***.***-23,,"fazenda rafaela costela, 37",ce
Sr. Igor Campos,183.***.***-62,,"fazenda ferreira, 849",ap
Maria Sophia Correia,948.***.***-75,,"residencial alana dias, 51",to
Bruno Da Cruz,293.***.***-73,,"rua evelyn da cunha, 2",es
Amanda Cavalcanti,351.***.***-00,,"fazenda de duarte, 99",ac
Bruno Melo,721.***.***-52,,"trevo de da costa, 7",ac
Dra. Elisa Nunes,875.***.***-05,,"vale erick moreira, 48",ap
Calebe Ramos,942.***.***-40,,"parque de moraes, 36",to
Sr. Arthur Moraes,306.***.***-87,,"passarela lima, 87",rj
Júlia Silveira,913.***.***-57,,pátio vitor gabriel rocha,sc
Sra. Isabelly Silva,732.***.***-00,,"rodovia agatha lopes, 7",df
Dr. Otávio Azevedo,457.***.***-30,,"aeroporto de ferreira, 2",ce
Maria Cecília Aragão,264.***.***-49,,"trevo aragão, 535",go
Noah Da Rosa,742.***.***-22,,"avenida ferreira, 7",df
Sra. Laura Azevedo,540.***.***-71,,viaduto marcelo ramos,sp
Dr. Francisco Moreira,702.***.***-08,,"núcleo silva, 7",ce
Mariane Das Neves,912.***.***-05,,"rodovia de freitas, 782",sc
Enzo Monteiro,309.***.***-56,,"quadra silveira, 76",mg
Diego Da Rocha,093.***.***-83,,"conjunto da rosa, 22",ms
Ana Laura Da Cruz,798.***.***-49,,parque rodrigues,ro
Ana Sophia Gomes,384.***.***-46,,"lagoa porto, 44",go
Ana Laura Costa,502.***.***-85,,"vila sales, 913",sp
Felipe Souza,187.***.***-84,,"setor peixoto, 47",se
Luana Novaes,287.***.***-87,,"parque luiz gustavo da conceição, 34",rs
Sra. Yasmin Nogueira,360.***.***-15,,"lago de rocha, 482",pe
Benício Melo,904.***.***-67,,recanto maitê pereira,df
Daniela Aragão,726.***.***-53,,"feira otávio pereira, 93",rr
Davi Luiz Sales,740.***.***-13,,"trecho joão gabriel pires, 64",rs
Milena Souza,904.***.***-70,,"praça de ribeiro, 9",sp
Maria Eduarda Ferreira,438.***.***-60,,passarela de caldeira,ap
Sr. Diogo Lima,302.***.***-00,,estrada danilo monteiro,ba
Dr. Carlos Eduardo Araújo,496.***.***-47,,"rodovia sophia rodrigues, 88",rr
Marina Gomes,934.***.***-00,,lagoa souza,es
Gustavo Henrique Duarte,254.***.***-60,,"área ana sophia pereira, 32",to
Caio Ramos,832.***.***-73,,"viaduto de sales, 92",al
Rafael Nunes,462.***.***-19,,"núcleo monteiro, 504",to
Enzo Gabriel Cardoso,726.***.***-67,,núcleo ribeiro,pe
Davi Cardoso,065.***.***-90,,"praça ana júlia rezende, 38",pa
Daniel Pires,274.***.***-47,,"avenida bruna rodrigues, 724",es
Brenda Da Mata,532.***.***-19,,"pátio rocha, 75",ac
Samuel Dias,852.***.***-24,,"viaduto enzo gabriel moreira, 72",ce
Gustavo Henrique Da Costa,917.***.***-50,,"residencial ribeiro, 60",ro
Theo Fogaça,091.***.***-05,,"travessa cardoso, 95",mt
Sra. Alexia Carvalho,483.***.***-71,,quadra lorenzo pires,ac
Juliana Martins,432.***.***-56,,campo de souza,rr
Luiz Gustavo Da Rosa,280.***.***-97,,"via de da paz, 5",al
Gabriela Freitas,367.***.***-26,,"trevo carvalho, 9",ba
Enzo Gabriel Vieira,812.***.***-76,,travessa novaes,to
Srta. Luna Nascimento,815.***.***-60,,"passarela de nascimento, 916",al
Sophie Da Mata,971.***.***-97,,"avenida de almeida, 78",al
Clarice Alves,973.***.***-65,,avenida heloísa costa,ac
Catarina Rodrigues,138.***.***-84,,"núcleo farias, 97",rr
Antônio Vieira,017.***.***-53,,"favela de lopes, 473",pr
Dr. Nicolas Da Conceição,105.***.***-80,,"quadra mariana costela, 87",ba
Maria Alice Da Costa,290.***.***-92,,"rua cardoso, 76",ma
Sr. Lucca Martins,906.***.***-70,,"pátio paulo da rosa, 93",to
João Pedro Costa,532.***.***-41,,feira cardoso,rn
Maitê Gonçalves,034.***.***-20,,"distrito giovanna rodrigues, 37",pr
Ana Laura Ferreira,326.***.***-74,,estrada de ramos,ro
Sabrina Da Mata,172.***.***-02,,"viela de moraes, 56",ms
Alexandre Das Neves,183.***.***-24,,"área de novaes, 52",es
Isadora Da Cunha,471.***.***-31,,"viaduto freitas, 622",pe
Dr. Luigi Fernandes,834.***.***-55,,"distrito thomas pires, 77",mt
Sr. Yago Cavalcanti,758.***.***-05,,estrada melo,am
Carolina Peixoto,396.***.***-96,,"loteamento dias, 21",rn
Ana Lívia Porto,067.***.***-44,,"colônia vieira, 6",se
Henrique Da Mata,896.***.***-74,,"aeroporto vinicius rezende, 18",pr
Enrico Aragão,490.***.***-75,,"praça almeida, 95",ap
Milena Cavalcanti,523.***.***-70,,"trecho kevin castro, 70",pr
Davi Lucca Melo,731.***.***-14,,"passarela kamilly moreira, 704",sp
Clarice Fernandes,192.***.***-73,,"vereda jesus, 7",sp
Dr. Luiz Fernando Das Neves,146.***.***-37,,"viaduto de martins, 24",ro
Caio Azevedo,428.***.***-82,,"largo cardoso, 23",al
Enrico Novaes,457.***.***-38,,"vila heloísa barbosa, 666",rn
Ana Clara Moreira,075.***.***-53,,residencial de aragão,sc
Enrico Ribeiro,965.***.***-66,,"loteamento lopes, 2",ce
Evelyn Aragão,548.***.***-07,,"estrada rebeca caldeira, 440",go
Thales Moreira,406.***.***-07,,quadra farias,ro
Heitor Mendes,097.***.***-61,,lagoa de farias,al
Sarah Nascimento,938.***.***-10,,"largo de da costa, 400",ce
Sra. Yasmin Melo,510.***.***-49,,"loteamento almeida, 821",to
Sr. Marcelo Costela,895.***.***-38,,"chácara clarice da costa, 135",ba
Maria Cecília Araújo,752.***.***-52,,"distrito nathan melo, 3",pa
Enzo Gabriel Ribeiro,965.***.***-02,,"recanto nunes, 87",ap
Miguel Da Rosa,168.***.***-03,,"esplanada carvalho, 8",ce
Maria Vitória Ferreira,914.***.***-69,,"lago lima, 6",sp
Sr. Vitor Gabriel Gomes,348.***.***-60,,"vale costela, 49",mt
Bianca Pinto,541.***.***-06,,"lagoa sales, 43",al
Igor Melo,519.***.***-39,,viaduto nogueira,ro
Sra. Vitória Carvalho,528.***.***-38,,"jardim fernanda moura, 767",am
Sofia Duarte,412.***.***-28,,"morro isaac freitas, 543",rr
Brenda Nogueira,160.***.***-33,,"pátio de almeida, 4",to
Rafael Fogaça,569.***.***-68,,"setor de da rosa, 401",sp
Ana Nascimento,295.***.***-61,,"chácara de martins, 14",rn
Dr. Juan Da Rocha,475.***.***-80,,"ladeira de da mota, 16",mt
Ana Laura Rocha,531.***.***-70,,"sítio thomas rodrigues, 41",al
Maria Alice Da Rocha,906.***.***-22,,"travessa de correia, 46",ac
Elisa Lopes,790.***.***-30,,passarela alexandre da cunha,rr
Davi Lucca Pereira,597.***.***-60,,"jardim de barros, 16",ce
Marina Fogaça,410.***.***-20,,"praça luiz henrique correia, 81",pe
Bernardo Ramos,105.***.***-98,,"lagoa luiza gonçalves, 979",se
Ana Lívia Lopes,971.***.***-02,,"parque de barbosa, 57",go
Miguel Silva,920.***.***-00,,"ladeira das neves, 9",pe
Sr. Arthur Da Cruz,693.***.***-38,,lago de cavalcanti,to
Julia Da Mota,571.***.***-20,,"feira nogueira, 68",to
Agatha Rocha,853.***.***-30,,setor de dias,rs
Isabel Cardoso,608.***.***-40,,"campo da mata, 42",mg
Marcos Vinicius Moura,451.***.***-19,,"parque dias, 687",pr
Levi Da Cunha,718.***.***-75,,"colônia de viana, 6",se
Cauã Vieira,427.***.***-61,,via da mata,ro
Maria Alice Ferreira,105.***.***-80,,"praça de duarte, 194",mt
Dra. Isabelly Souza,725.***.***-30,,"campo de moura, 60",rn
Heitor Rezende,174.***.***-39,,"área duarte, 628",rr
Maria Vitória Jesus,493.***.***-70,,"sítio de moura, 13",rs
Emanuel Duarte,762.***.***-76,,"rua de fogaça, 71",am
Ian Lima,163.***.***-66,,"rua de martins, 9",ac
Vitor Alves,687.***.***-22,,"esplanada ana laura oliveira, 667",df
Rafael Ramos,946.***.***-84,,"esplanada almeida, 4",pr
Ryan Da Cunha,412.***.***-52,,morro de cardoso,go
Maria Da Cunha,539.***.***-06,,residencial de duarte,pe
Srta. Milena Cardoso,832.***.***-40,,"praça almeida, 71",rj
Bryan Ramos,043.***.***-89,,"praia costa, 35",go
Luigi Santos,273.***.***-52,,"via luigi peixoto, 61",ap
Isabella Duarte,023.***.***-17,,"estrada diogo da mata, 91",pi
Sophie Azevedo,214.***.***-49,,"rua kaique freitas, 8",rr
Matheus Carvalho,592.***.***-09,,viela de almeida,rn
Júlia Da Cruz,714.***.***-39,,lagoa joão pedro alves,pb
Vitor Peixoto,489.***.***-06,,"trevo de cardoso, 40",rs
Amanda Castro,305.***.***-41,,"favela erick pereira, 672",am
Lucas Lima,240.***.***-01,,"vale igor castro, 928",ba
Raquel Ramos,052.***.***-25,,"vereda de costa, 27",rn
Dra. Rebeca Nascimento,431.***.***-37,,"residencial nogueira, 954",pb
Theo Da Conceição,846.***.***-46,,"fazenda maria ribeiro, 81",se
Thiago Da Cunha,631.***.***-24,,"viela de aragão, 291",rj
Davi Lucas Moreira,169.***.***-02,,"estrada de da costa, 92",pa
Helena Costela,950.***.***-68,,"colônia de fogaça, 78",ac
Beatriz Peixoto,243.***.***-96,,"campo de moura, 904",pe
Luigi Fernandes,846.***.***-20,,"estação igor cunha, 21",pb
Gabrielly Almeida,831.***.***-14,,"estrada da conceição, 23",ms
Samuel Sales,439.***.***-55,,"morro de costela, 73",mg
Dr. Otávio Costa,095.***.***-59,,"chácara da conceição, 2",ba
Srta. Ana Beatriz Da Mata,429.***.***-67,,"feira de martins, 79",pa
João Rodrigues,594.***.***-76,,"colônia duarte, 56",pe
Nathan Farias,521.***.***-32,,"travessa joana gonçalves, 44",al
Dr. Rafael Pereira,581.***.***-55,,"sítio isis campos, 81",ac
Júlia Pereira,871.***.***-12,,lagoa santos,mt
Dra. Laura Barbosa,031.***.***-04,,"ladeira de moura, 84",rr
Juliana Pinto,385.***.***-93,,"rodovia sales, 21",pi
Joana Monteiro,138.***.***-39,,"parque de costela, 668",to
Dr. Yago Da Rocha,698.***.***-28,,"fazenda cavalcanti, 859",mt
Miguel Nogueira,869.***.***-22,,quadra de ferreira,pi
Isadora Da Rocha,725.***.***-70,,"via igor da mata, 81",es
Clara Costela,380.***.***-50,,"trevo joão pedro araújo, 7",df
Dr. Enzo Gabriel Rocha,473.***.***-61,,"condomínio da cunha, 4",pa
Maysa Monteiro,615.***.***-44,,"parque henrique teixeira, 32",rr
Maria Alice Da Rosa,710.***.***-66,,"vereda silveira, 8",rr
Maysa Lopes,196.***.***-76,,"avenida de araújo, 28",rs
Srta. Yasmin Jesus,586.***.***-44,,"fazenda letícia costela, 6",am
Mariana Costela,372.***.***-00,,"campo peixoto, 75",sc
Clara Almeida,842.***.***-92,,"parque eloah costa, 91",rs
Sofia Aragão,687.***.***-08,,"rua de santos, 955",rs
Elisa Barros,546.***.***-20,,"estrada sales, 13",rn
Joana Silva,349.***.***-57,,chácara miguel fogaça,pe
Lorenzo Porto,812.***.***-13,,"avenida de araújo, 1",go
Vitória Barbosa,583.***.***-77,,"vale de monteiro, 267",es
Alícia Da Rosa,035.***.***-51,,"trecho luana barros, 338",mg
Lucas Monteiro,739.***.***-75,,"parque enzo almeida, 62",ac
Rodrigo Caldeira,816.***.***-37,,condomínio joana lima,mt
Luna Rezende,456.***.***-57,,"esplanada matheus da costa, 90",rn
Diogo Rezende,680.***.***-24,,"residencial novaes, 84",pi
Anthony Da Costa,805.***.***-21,,"praia ian da mota, 383",ro
Maria Cecília Vieira,716.***.***-55,,rodovia emanuel da cruz,pe
Sra. Maria Julia Novaes,019.***.***-01,,"ladeira da cruz, 635",ba
João Pedro Peixoto,243.***.***-55,,"trecho cavalcanti, 3",pr
Alana Fernandes,198.***.***-09,,"estação rocha, 975",sc
Sra. Mirella Rezende,247.***.***-50,,"vale de cavalcanti, 98",es
Gabrielly Moreira,608.***.***-62,,"lago caldeira, 363",am
Sra. Sofia Souza,605.***.***-48,,"vila gomes, 366",pb
Mariane Melo,735.***.***-77,,"rodovia ana beatriz cardoso, 97",pr
Lorena Souza,048.***.***-49,,"vereda sales, 83",al
Fernando Da Mata,280.***.***-08,,"ladeira clara da cruz, 37",pb
Laura Cardoso,821.***.***-17,,"setor de costa, 1",es
Marina Da Cruz,724.***.***-26,,"avenida castro, 718",pe
Maria Rocha,163.***.***-03,,"recanto isabel da conceição, 6",rs
Pedro Henrique Almeida,318.***.***-57,,"núcleo de rodrigues, 95",am
Dr. Davi Luiz Nunes,604.***.***-16,,"setor de barros, 58",sp
Vitor Gabriel Costela,175.***.***-43,,"praia pietra caldeira, 60",go
Dr. Luigi Barbosa,641.***.***-39,,"quadra yasmin caldeira, 4",pe
Rodrigo Azevedo,687.***.***-75,,praia de nogueira,es
Pedro Henrique Cardoso,324.***.***-04,,"rua de castro, 65",pa
Sr. João Cardoso,032.***.***-74,,"pátio antônio da mota, 79",pr
Maria Julia Nunes,381.***.***-35,,setor de ferreira,rn
Fernanda Duarte,453.***.***-15,,"vereda da rocha, 6",ma
Marcos Vinicius Oliveira,280.***.***-95,,"parque de azevedo, 8",al
Leandro Aragão,124.***.***-32,,"campo gabriela rodrigues, 9",ac
Maria Alice Vieira,832.***.***-44,,"via nogueira, 82",se
Ana Luiza Jesus,541.***.***-91,,Endereço inválido,Desconhecido
Guilherme Cardoso,197.***.***-21,,"trevo nicole da cruz, 7",rs
Luiz Felipe Azevedo,439.***.***-52,,"campo erick fernandes, 464",ac
Nathan Araújo,813.***.***-89,,quadra de martins,am
Clara Ferreira,467.***.***-28,,"fazenda de ferreira, 76",ms
Felipe Da Mata,634.***.***-69,,"estrada gabrielly rocha, 634",pa
Enzo Gabriel Azevedo,789.***.***-48,,"estação cardoso, 175",sc
Maitê Barbosa,231.***.***-07,,"estrada duarte, 37",ms
Srta. Isis Da Cruz,073.***.***-78,,"praia moreira, 20",to
Otávio Da Mata,835.***.***-29,,"largo de da cruz, 431",to
Sophie Castro,165.***.***-09,,"trevo de moraes, 78",to
Diogo Da Cunha,263.***.***-60,,"distrito kaique costa, 17",rj
Benício Fernandes,389.***.***-77,,"condomínio da cunha, 964",es
João Pedro Silva,523.***.***-06,,"praia de almeida, 38",mg
Heloísa Cunha,260.***.***-83,,"aeroporto santos, 94",pi
Bruno Novaes,190.***.***-93,,"alameda de da mata, 18",ms
Levi Cavalcanti,291.***.***-55,,"aeroporto aragão, 8",df
João Pedro Lopes,407.***.***-96,,"vereda daniel gonçalves, 6",pb
Heloísa Da Luz,569.***.***-57,,"conjunto de cunha, 63",sp
Lorena Gomes,298.***.***-65,,"rodovia de cavalcanti, 47",ap
Milena Vieira,623.***.***-51,,"loteamento thiago fernandes, 51",pb
Milena Ramos,160.***.***-34,,praça breno ribeiro,pb
Vitor Hugo Ramos,286.***.***-78,,"viela alice nogueira, 65",ma
Ana Julia Nascimento,197.***.***-31,,aeroporto cavalcanti,se
Dr. Enrico Carvalho,254.***.***-00,,travessa de santos,mt
Vitor Hugo Cunha,701.***.***-39,,"passarela isis porto, 38",pa
Dr. Samuel Moura,402.***.***-05,,"parque daniel pinto, 7",mt
Luana Nascimento,314.***.***-50,,"vila letícia da paz, 17",ce
Dra. Maria Vitória Viana,250.***.***-00,,colônia de moura,pr
Sr. Calebe Duarte,936.***.***-04,,"alameda joão pedro castro, 14",am
Leonardo Costela,624.***.***-29,,via de jesus,mg
Benício Moreira,136.***.***-24,,"feira marcos vinicius da cruz, 317",ma
Lucca Mendes,819.***.***-76,,"via de ferreira, 44",mg
Sophie Farias,741.***.***-00,,"aeroporto de ribeiro, 65",am
Bruna Da Rocha,845.***.***-19,,"loteamento otávio freitas, 74",to
Heitor Nascimento,493.***.***-84,,área maria fernanda pinto,mt
Rafael Porto,629.***.***-30,,"alameda da mata, 64",mg
Luiz Miguel Da Paz,647.***.***-80,,"estrada de ribeiro, 73",mg
Srta. Pietra Duarte,913.***.***-04,,"aeroporto de nascimento, 13",pr
Eloah Cunha,908.***.***-60,,"chácara de costa, 62",pi
Bruna Rodrigues,625.***.***-67,,"campo da costa, 719",go
Felipe Monteiro,172.***.***-68,,"quadra de monteiro, 43",ce
Isis Campos,178.***.***-41,,estrada pereira,pe
Vitor Novaes,586.***.***-08,,"lagoa de da rocha, 60",pi
Yago Porto,907.***.***-01,,"parque alícia cavalcanti, 234",ce
Guilherme Campos,354.***.***-79,,"largo de duarte, 24",ba
Vitor Moraes,297.***.***-99,,"campo enrico lima, 20",to
João Gabriel Jesus,790.***.***-01,,"favela martins, 7",es
Dr. Vitor Hugo Rezende,796.***.***-58,,"ladeira barros, 84",ap
Dr. Arthur Carvalho,081.***.***-97,,"jardim silveira, 35",rr
Ryan Mendes,239.***.***-55,,"viaduto evelyn ribeiro, 56",mg
Ana Laura Silva,485.***.***-47,,"campo de farias, 77",am
Lorenzo Novaes,370.***.***-05,,"loteamento alice freitas, 3",al
Cauê Cardoso,019.***.***-60,,"trecho alícia monteiro, 61",al
Dra. Ana Luiza Silveira,324.***.***-40,,"alameda pinto, 59",mt
Lavínia Azevedo,318.***.***-03,,"condomínio larissa teixeira, 216",ba
Letícia Jesus,451.***.***-19,,"vale de da mata, 75",to
Bruna Ribeiro,352.***.***-10,,trevo beatriz cardoso,ap
Theo Da Mata,758.***.***-44,,"feira souza, 65",al
João Gabriel Porto,956.***.***-91,,"fazenda luiza campos, 62",go
Maria Julia Freitas,178.***.***-53,,"loteamento de gomes, 86",rs
Dr. Otávio Barros,683.***.***-21,,"condomínio marina costela, 29",rr
Yasmin Gomes,827.***.***-35,,"feira letícia nascimento, 5",ma
Sofia Novaes,576.***.***-83,,"aeroporto de ribeiro, 57",mt
Ian Da Luz,152.***.***-77,,"feira moura, 2",pb
Davi Luiz Souza,857.***.***-53,,"favela peixoto, 76",pe
Cecília Araújo,032.***.***-26,,"distrito rezende, 61",mt
Luiz Gustavo Duarte,381.***.***-44,,"favela caldeira, 98",df
Ana Julia Cardoso,704.***.***-88,,"chácara campos, 423",mg
Gabrielly Lima,560.***.***-30,,"parque alves, 70",rn
Heloísa Ribeiro,437.***.***-37,,sítio luiz gustavo cunha,rj
Letícia Costa,530.***.***-70,,"viela yago oliveira, 70",rn
Ana Beatriz Da Rocha,438.***.***-04,,"alameda joão fernandes, 25",go
Benjamin Moura,975.***.***-97,,"trevo de rezende, 83",al
Ana Julia Fogaça,103.***.***-70,,"área de gonçalves, 31",rr
Clara Da Mata,354.***.***-00,,"aeroporto de gomes, 936",mt
Fernanda Oliveira,102.***.***-14,,"trevo correia, 72",rn
Laura Das Neves,723.***.***-29,,"viaduto vitor gabriel ferreira, 32",go
Lívia Teixeira,694.***.***-29,,"alameda teixeira, 9",al
Eloah Moreira,904.***.***-00,,"pátio de nunes, 3",ce
Lívia Cardoso,619.***.***-61,,campo de da paz,pe
Augusto Freitas,930.***.***-01,,"trevo marcos vinicius jesus, 4",al
Raquel Fernandes,467.***.***-94,,"parque de teixeira, 132",am
Sr. Anthony Da Costa,614.***.***-07,,"área lima, 7",pi
Murilo Melo,431.***.***-80,,"trecho pires, 10",ms
Srta. Mirella Barbosa,430.***.***-75,,pátio de da rosa,se
Gabriela Das Neves,437.***.***-65,,avenida emilly pereira,al
Bruno Da Cunha,259.***.***-24,,quadra costa,ma
Alexandre Rodrigues,740.***.***-85,,"vale rezende, 20",al
Natália Rezende,784.***.***-11,,"sítio nascimento, 64",mg
Emilly Caldeira,732.***.***-07,,"estrada eduardo porto, 85",ma
Levi Azevedo,639.***.***-91,,"estação da cruz, 13",pi
Nicole Da Rocha,567.***.***-90,,"distrito clara viana, 41",ce
Joana Moreira,435.***.***-51,,"viela de das neves, 139",df
Maria Eduarda Almeida,573.***.***-56,,"travessa de barros, 4",pb
Marcela Da Cruz,876.***.***-78,,"viela viana, 95",ce
Helena Nunes,843.***.***-42,,"feira vieira, 28",sc
Isaac Oliveira,209.***.***-01,,"rodovia cardoso, 377",mt
Manuela Pinto,094.***.***-20,,"praia almeida, 6",am
Bryan Ramos,681.***.***-94,,"aeroporto de da rocha, 27",ms
Sr. Enzo Gabriel Fernandes,769.***.***-21,,"rodovia laís nunes, 50",rr
Brenda Ramos,269.***.***-83,,"rodovia de souza, 416",pi
Yuri Rezende,564.***.***-89,,"praia costa, 3",ac
Luiz Miguel Da Costa,630.***.***-34,,via porto,pr
Enzo Nogueira,187.***.***-69,,"campo cauã freitas, 66",pb
Davi Lucca Azevedo,035.***.***-10,,"condomínio cunha, 74",pa
Luiz Otávio Fernandes,716.***.***-85,,núcleo pietro barros,pe
Thomas Correia,083.***.***-66,,"aeroporto melo, 31",ac
Davi Lucca Teixeira,647.***.***-26,,"condomínio de lima, 66",go
Luiz Gustavo Ribeiro,149.***.***-78,,"pátio davi lucca viana, 6",pa
Pietra Da Mata,427.***.***-08,,"feira gonçalves, 4",ap
Joaquim Azevedo,016.***.***-16,,núcleo viana,rn
Sra. Agatha Melo,506.***.***-60,,"feira de oliveira, 1",rn
Maria Julia Lopes,613.***.***-68,,"campo araújo, 10",go
Dr. Marcelo Cardoso,862.***.***-07,,lagoa ana sophia oliveira,rn
Catarina Moreira,207.***.***-11,,"jardim sales, 42",ro
Heitor Vieira,089.***.***-92,,"morro aragão, 796",mt
Luiz Fernando Da Luz,071.***.***-01,,"aeroporto pietro oliveira, 4",rr
Sabrina Silva,216.***.***-69,,"rodovia pedro henrique santos, 46",al
Luiz Henrique Martins,648.***.***-82,,"praia ferreira, 17",rj
Catarina Carvalho,196.***.***-10,,"vila de farias, 46",al
Ana Vitória Azevedo,529.***.***-01,,"campo yasmin moreira, 49",ap
Thales Campos,412.***.***-89,,"avenida lavínia castro, 46",sp
Thales Oliveira,369.***.***-50,,condomínio levi almeida,am
Fernanda Cavalcanti,912.***.***-51,,"viela isis gomes, 43",ap
Dr. João Gabriel Da Conceição,831.***.***-00,,"jardim luiz felipe duarte, 1",rr
Noah Barros,310.***.***-86,,"jardim almeida, 48",ms
Dr. Felipe Novaes,685.***.***-59,,"pátio de ribeiro, 16",rj
Luiz Fernando Aragão,120.***.***-01,,"ladeira mariane santos, 7",se
Ana Júlia Cardoso,812.***.***-76,,"vila silveira, 86",pb
Marina Ramos,068.***.***-10,,"ladeira duarte, 35",mt
Dra. Joana Lopes,619.***.***-11,,"viaduto de novaes, 952",sp
Isabel Duarte,146.***.***-87,,"aeroporto isaac da conceição, 1",mt
Paulo Jesus,078.***.***-92,,"fazenda de porto, 4",pr
Laura Costa,540.***.***-25,,"distrito de moraes, 56",ap
Sra. Milena Pinto,280.***.***-24,,"jardim novaes, 13",ro
Danilo Ribeiro,109.***.***-80,,"ladeira de da conceição, 76",to
Lívia Nunes,742.***.***-23,,"passarela de porto, 65",pi
Alícia Rodrigues,349.***.***-16,,"travessa de farias, 9",rs
Agatha Rezende,057.***.***-79,,"parque da luz, 3",rr
Juliana Santos,605.***.***-59,,"parque de silveira, 6",ms
Maria Fernanda Da Conceição,408.***.***-50,,"campo santos, 714",rj
Daniela Barbosa,861.***.***-64,,"área de moreira, 82",df
Arthur Pinto,562.***.***-25,,viela kamilly cunha,sp
Emanuel Aragão,910.***.***-57,,"campo de da cruz, 22",sc
Dra. Alice Vieira,936.***.***-00,,rodovia cunha,ma
Maria Cecília Moreira,805.***.***-71,,"passarela joão pedro nunes, 6",df
,532.***.***-41,,"estação alves, 8",pe
Maria Vitória Campos,380.***.***-57,,"viela da costa, 16",ma
Isabel Da Conceição,819.***.***-93,,"vale nogueira, 8",ce
,013.***.***-69,,"parque helena pires, 852",al
Dr. Thomas Nunes,967.***.***-46,,"vereda da mota, 37",se
Lucca Moura,718.***.***-35,,"praia bryan martins, 8",se
Diogo Souza,169.***.***-95,,"largo maysa cavalcanti, 6",ap
Juliana Costa,980.***.***-39,,"alameda de campos, 32",al
Eduarda Da Costa,739.***.***-48,,"jardim de lima, 1",mt
Alana Freitas,427.***.***-73,,aeroporto noah jesus,ba
Murilo Ramos,374.***.***-00,,"feira jesus, 20",df
Cecília Souza,294.***.***-30,,"campo emanuelly gonçalves, 51",ba
Raul Martins,187.***.***-26,,"alameda de carvalho, 150",rr
Renan Cavalcanti,072.***.***-77,,"trevo nina pereira, 99",ce
Sr. Diego Pires,842.***.***-41,,"morro eduarda farias, 92",ac
Sofia Da Rocha,719.***.***-03,,"vale davi luiz dias, 709",ce
Lorenzo Dias,271.***.***-04,,"favela elisa barbosa, 521",sc
Sr. Vitor Souza,426.***.***-83,,"aeroporto laura gonçalves, 7",mg
Vitor Gabriel Cardoso,354.***.***-50,,"setor de da luz, 81",go
Pedro Rodrigues,790.***.***-20,,"trevo de moreira, 63",pi
Eduarda Teixeira,745.***.***-17,,"ladeira peixoto, 85",ma
Daniel Oliveira,753.***.***-08,,colônia maitê cardoso,df
Isadora Nogueira,129.***.***-05,,"praia de campos, 94",pr
Sr. Fernando Moraes,768.***.***-95,,"área moreira, 8",pa
Luiza Araújo,246.***.***-10,,jardim de dias,ce
Maria Luiza Pires,620.***.***-67,,"viela de gonçalves, 79",sc
João Lucas Das Neves,974.***.***-49,,"campo de nascimento, 5",sp
Vitor Gabriel Carvalho,387.***.***-92,,"viaduto farias, 15",pr
Henrique Sales,196.***.***-39,,"jardim cavalcanti, 94",ba
Henrique Ferreira,360.***.***-07,,"lago de lopes, 6",go
Dra. Raquel Da Mota,263.***.***-78,,"aeroporto de fogaça, 29",to
Levi Melo,513.***.***-09,,"travessa de da luz, 42",ms
Ana Luiza Gomes,287.***.***-12,,"estação de da costa, 211",pa
Isaac Fernandes,572.***.***-07,,"recanto rodrigues, 80",pi
Leandro Fernandes,018.***.***-15,,"praia daniel barbosa, 847",ba
Dr. Breno Sales,135.***.***-42,,estação miguel rodrigues,al
Rafael Araújo,481.***.***-17,,"trevo sofia moreira, 67",ce
Eduardo Da Costa,043.***.***-31,,"quadra de alves, 729",pa
Dra. Larissa Fernandes,562.***.***-00,,"aeroporto jesus, 2",es
Milena Da Rocha,864.***.***-49,,"alameda araújo, 53",ms
Eduarda Aragão,362.***.***-90,,"viela de sales, 68",to
Sr. Ian Barbosa,149.***.***-70,,"morro ryan da luz, 43",pb
Ian Cardoso,731.***.***-78,,área ferreira,ap
Vitor Gabriel Ferreira,916.***.***-01,,"conjunto farias, 36",se
Rodrigo Melo,982.***.***-89,,praia marina da rosa,ac
Anthony Rezende,831.***.***-66,,"via de viana, 68",sc
Sra. Bianca Farias,783.***.***-26,,"viela campos, 2",mg
João Carvalho,298.***.***-50,,"vereda de aragão, 15",rr
Benício Da Costa,783.***.***-07,,"vereda de souza, 13",pr
Yuri Alves,896.***.***-03,,"colônia da costa, 7",se
Gabriela Da Rosa,210.***.***-31,,"vale de caldeira, 8",al
Eduarda Da Conceição,238.***.***-00,,"praia de silva, 91",es
Vicente Aragão,875.***.***-88,,avenida da luz,al
Srta. Sabrina Teixeira,682.***.***-89,,"estrada de da rosa, 69",ap
Antônio Santos,198.***.***-03,,"morro da rocha, 84",mt
Dr. Lucca Pinto,526.***.***-09,,"estrada sabrina freitas, 40",df
Emilly Vieira,924.***.***-33,,"recanto miguel moraes, 45",rs
Dr. Gabriel Da Mata,701.***.***-69,,"feira de farias, 28",rs
Emanuella Azevedo,406.***.***-01,,"sítio moura, 50",go
Ana Julia Rocha,618.***.***-60,,"trevo davi lucca da cruz, 72",pi
Milena Castro,482.***.***-82,,"chácara da mota, 218",rj
Lavínia Peixoto,204.***.***-50,,"feira martins, 78",rn
Enzo Gabriel Gomes,893.***.***-40,,"setor luiz henrique monteiro, 4",mg
Laura Fogaça,196.***.***-80,,"chácara de da mota, 4",pa
Sr. Vitor Da Mata,062.***.***-78,,Endereço inválido,Desconhecido
Sophie Pinto,023.***.***-40,,residencial noah mendes,sc
Sr. Kaique Peixoto,726.***.***-47,,"fazenda moraes, 80",es
Luiz Henrique Mendes,248.***.***-76,,"travessa leandro da mata, 898",ro
Sr. Felipe Barros,569.***.***-57,,"área raquel moura, 8",to
Ana Beatriz Pereira,798.***.***-01,,condomínio de santos,mg
Sr. Rafael Silva,238.***.***-15,,"estação lara almeida, 67",pe
Dra. Olivia Mendes,189.***.***-05,,residencial de mendes,rr
Eduardo Sales,052.***.***-74,,"aeroporto emanuel barros, 4",df
André Rodrigues,375.***.***-91,,"trecho gomes, 3",go
Sophia Cavalcanti,092.***.***-56,,"alameda paulo da cruz, 70",pr
Carolina Sales,519.***.***-40,,"residencial pinto, 95",df
Lucas Monteiro,654.***.***-37,,"lagoa de silveira, 91",pi
João Felipe Dias,850.***.***-42,,"condomínio moura, 504",se
Dr. Ian Fogaça,248.***.***-32,,distrito de cavalcanti,rj
Lorena Barros,785.***.***-10,,"favela letícia jesus, 34",mg
Sra. Ana Clara Teixeira,760.***.***-59,,"feira de da conceição, 796",se
Natália Monteiro,481.***.***-60,,morro de ramos,am
Eduarda Duarte,893.***.***-30,,"quadra lopes, 69",ce
Larissa Carvalho,632.***.***-37,,"jardim de carvalho, 5",al
Lara Moraes,549.***.***-09,,"vereda araújo, 18",pi
Sophie Da Rosa,254.***.***-50,,"pátio fernandes, 59",am
Olivia Martins,391.***.***-39,,"jardim vinicius caldeira, 28",df
Thomas Barros,105.***.***-12,,"passarela de araújo, 123",am
Davi Luiz Azevedo,478.***.***-31,,"rodovia eduarda ramos, 87",pb
Danilo Santos,297.***.***-55,,"viela ana júlia fernandes, 25",ac
Sr. Enzo Porto,496.***.***-67,,"vereda cauê barbosa, 141",ma
Bianca Alves,304.***.***-57,,"campo rodrigues, 351",ms
Alexia Das Neves,267.***.***-00,,"residencial de sales, 5",se
Esther Campos,523.***.***-53,,"área de castro, 108",pi
Ana Júlia Freitas,584.***.***-17,,"estrada fernanda jesus, 2",ac
Maria Vitória Da Mata,826.***.***-76,,"lagoa pietro da cruz, 524",ro
Ryan Da Mata,172.***.***-80,,"rodovia de porto, 90",go
Emilly Ribeiro,584.***.***-05,,"parque de gomes, 71",pa
Bernardo Pinto,217.***.***-12,,"esplanada de moura, 30",pa
Nicole Peixoto,829.***.***-89,,distrito moraes,ms
Isaac Da Conceição,867.***.***-85,,"lago da luz, 59",am
Davi Lucca Santos,571.***.***-73,,"favela beatriz da costa, 77",rj
Paulo Lopes,186.***.***-11,,"passarela davi lucca lopes, 37",mg
Sophie Vieira,938.***.***-83,,"vereda de da mota, 564",ma
Rodrigo Da Cruz,648.***.***-11,,"favela costa, 372",go
Sr. Samuel Barbosa,903.***.***-23,,"distrito jesus, 34",rs
Dr. Cauê Ramos,109.***.***-34,,"viela de castro, 27",df
Bruno Jesus,354.***.***-42,,"campo moreira, 48",rn
Lívia Correia,843.***.***-65,,"favela de da rocha, 6",ms
Enrico Da Rocha,241.***.***-05,,condomínio maria julia cavalcanti,pa
Rafaela Aragão,269.***.***-22,,chácara maria fernanda castro,pb
Dr. Marcos Vinicius Farias,475.***.***-80,,ladeira castro,ma
Larissa Lopes,015.***.***-12,,"largo cavalcanti, 96",sc
Isadora Carvalho,917.***.***-13,,"pátio de da paz, 57",sc
Sr. Vitor Da Rocha,234.***.***-51,,"recanto de novaes, 32",to
Isadora Pereira,501.***.***-06,,"jardim stella da costa, 91",ba
Dr. Bernardo Da Cunha,147.***.***-79,,"residencial marina azevedo, 89",mt
Gabrielly Mendes,954.***.***-50,,"praça joão rezende, 30",rj
Sr. Bruno Da Mata,473.***.***-99,,"chácara alice ferreira, 678",to
Breno Rocha,237.***.***-52,,estação de rodrigues,pa
Luigi Ferreira,148.***.***-19,,trevo vieira,ap
Davi Lucca Da Cruz,862.***.***-78,,"sítio de novaes, 75",al
Henrique Almeida,824.***.***-31,,"área da costa, 29",ms
Dr. Vitor Hugo Caldeira,943.***.***-42,,"feira da costa, 17",se
Alexia Souza,348.***.***-48,,"lagoa alves, 97",mt
Luiza Azevedo,683.***.***-92,,"recanto elisa da mota, 8",al
Dr. Kaique Da Mota,143.***.***-60,,"setor vinicius moraes, 475",to
Laura Lima,051.***.***-41,,"área oliveira, 91",sp
Raul Rodrigues,039.***.***-05,,"aeroporto da rocha, 499",ba
Joaquim Melo,305.***.***-21,,"ladeira ribeiro, 6",pe
Benjamin Cardoso,054.***.***-44,,"trevo da cunha, 2",al
João Miguel Lopes,741.***.***-26,,"via de nunes, 63",es
Letícia Da Mota,587.***.***-02,,"travessa de lopes, 205",ce
Levi Da Rocha,840.***.***-92,,"via brenda cunha, 49",ac
Lorena Caldeira,625.***.***-60,,"praça ana luiza fernandes, 5",ba
Cauê Nogueira,473.***.***-64,,recanto melo,es
Sra. Yasmin Ferreira,805.***.***-68,,"lago de da cunha, 6",rn
Nicole Almeida,529.***.***-79,,chácara joão gabriel nogueira,mg
Fernando Pereira,560.***.***-59,,"trecho de rodrigues, 659",pr
Breno Pereira,916.***.***-91,,"residencial gabriela azevedo, 35",pi
Clara Dias,190.***.***-50,,"conjunto da conceição, 39",df
Dra. Milena Vieira,237.***.***-87,,"campo camila das neves, 14",mg
Vitor Gabriel Porto,394.***.***-43,,"residencial luiza correia, 598",es
Sr. Erick Da Rosa,971.***.***-84,,núcleo de caldeira,al
Marcos Vinicius Da Cunha,709.***.***-04,,"lagoa de rodrigues, 23",rn
Sra. Nina Pires,651.***.***-26,,"viela eloah cunha, 42",rs
Felipe Ribeiro,259.***.***-60,,"núcleo maria julia cunha, 21",pe
Maria Julia Porto,864.***.***-07,,alameda nascimento,go
Pedro Cardoso,125.***.***-50,,"travessa de da rosa, 86",pa
Rebeca Da Paz,047.***.***-66,,"sítio de costa, 5",to
Enrico Gonçalves,637.***.***-46,,campo bernardo barros,mg
Murilo Campos,031.***.***-22,,recanto silva,sp
Olivia Porto,608.***.***-65,,"conjunto almeida, 3",ac
Mirella Da Conceição,854.***.***-05,,"pátio joão lucas cardoso, 77",am
Stephany Cardoso,453.***.***-46,,"praia luiz gustavo da luz, 83",ro
Sr. Enrico Melo,829.***.***-89,,"esplanada farias, 252",go
Dr. Gabriel Souza,432.***.***-52,,"rodovia de costela, 116",ce
Davi Jesus,914.***.***-70,,"quadra vieira, 230",ro
Guilherme Freitas,517.***.***-07,,"trecho de caldeira, 369",se
Theo Costa,705.***.***-49,,"largo joão santos, 10",rn
Dr. Gustavo Henrique Das Neves,430.***.***-00,,"setor juliana fogaça, 605",ma
Maria Luiza Gomes,821.***.***-53,,"área ana vitória martins, 56",ba
Davi Lucas Peixoto,610.***.***-07,,"área thomas moraes, 58",rj
Bruna Almeida,610.***.***-57,,"chácara mendes, 64",pr
Juliana Ramos,846.***.***-05,,"vale de duarte, 5",am
Sarah Nascimento,560.***.***-99,,"alameda das neves, 1",mt
Brenda Da Luz,037.***.***-22,,"viela danilo farias, 54",pe
Heloísa Da Costa,648.***.***-19,,"favela correia, 6",se
Emanuella Araújo,758.***.***-82,,rodovia maria julia peixoto,ac
Vitor Viana,036.***.***-34,,"trecho de oliveira, 41",ac
Yago Lopes,720.***.***-59,,"lagoa danilo fogaça, 756",ro
Lívia Souza,308.***.***-50,,"colônia de correia, 93",ce
Gabriela Cavalcanti,359.***.***-41,,"setor oliveira, 4",ma
Enzo Nogueira,309.***.***-00,,morro de ferreira,mg
Dr. Ian Barbosa,412.***.***-03,,"alameda eduardo barros, 60",pi
Gabriela Rocha,348.***.***-35,,"área joaquim nogueira, 98",ma
Maria Julia Martins,576.***.***-12,,"loteamento de nunes, 83",pb
Dra. Marina Santos,950.***.***-02,,"viela alana souza, 456",df
Heloísa Teixeira,635.***.***-07,,"viela de da cruz, 61",pa
Paulo Farias,593.***.***-15,,"esplanada thomas pires, 33",ap
Gabrielly Cardoso,127.***.***-43,,estrada da cruz,ap
Davi Aragão,598.***.***-20,,"residencial de cardoso, 66",se
Yago Peixoto,380.***.***-05,,"condomínio de nunes, 436",pi
Erick Da Conceição,983.***.***-83,,"morro nunes, 657",ce
Isis Araújo,216.***.***-13,,"praia de campos, 82",sp
Dr. Nicolas Rezende,460.***.***-49,,"esplanada marcela castro, 36",pa
Sr. Samuel Nascimento,914.***.***-24,,setor luana ramos,ac
Sra. Maria Fernanda Barbosa,718.***.***-03,,"esplanada pedro nascimento, 71",go
Luiz Felipe Farias,069.***.***-74,,"favela kaique fogaça, 19",al
Sr. Calebe Silva,402.***.***-49,,rodovia de castro,es
Emanuella Gonçalves,107.***.***-02,,Endereço inválido,Desconhecido
Augusto Oliveira,246.***.***-17,,"colônia costa, 81",ro
Pedro Azevedo,953.***.***-65,,"vale vieira, 49",rs
Sra. Maria Luiza Fogaça,650.***.***-06,,"recanto de moreira, 426",mt
Eduarda Oliveira,365.***.***-83,,"sítio clarice sales, 99",pb
Paulo Ramos,490.***.***-43,,sítio azevedo,df
Beatriz Pires,275.***.***-21,,recanto de castro,ma
Fernando Azevedo,790.***.***-99,,"estação rafael nunes, 90",ro
Eloah Silva,037.***.***-61,,"viela da rocha, 160",ba
Caio Araújo,407.***.***-14,,"morro ribeiro, 11",go
Sra. Valentina Sales,269.***.***-31,,"sítio ramos, 73",mg
Melissa Cunha,719.***.***-73,,"ladeira luiza pinto, 9",mt
Laís Da Paz,139.***.***-33,,"lagoa cavalcanti, 12",sp
Heitor Silveira,183.***.***-89,,avenida azevedo,ma
Fernanda Moraes,064.***.***-44,,"avenida rocha, 13",pi
Alana Souza,801.***.***-42,,"praia moreira, 1",se
Srta. Caroline Da Rosa,192.***.***-98,,"passarela rocha, 96",sp
Stephany Vieira,682.***.***-22,,"travessa guilherme carvalho, 7",ms
Enzo Barros,794.***.***-16,,"estação fernandes, 85",go
Caroline Peixoto,036.***.***-30,,"loteamento thales pires, 51",rr
Maria Vitória Novaes,804.***.***-58,,"via vieira, 26",go
Bruna Moura,240.***.***-06,,"quadra amanda martins, 4",mg
Maitê Peixoto,501.***.***-58,,"distrito caldeira, 95",pi
Dr. Anthony Barbosa,749.***.***-20,,"distrito de fogaça, 13",ap
Alexandre Jesus,269.***.***-34,,"aeroporto de fogaça, 74",ba
Marcos Vinicius Campos,421.***.***-22,,"trecho de barbosa, 7",rj
João Miguel Moura,371.***.***-05,,"praça de costela, 38",ms
Ana Júlia Cardoso,096.***.***-00,,"praia da mata, 88",rj
Stella Rodrigues,870.***.***-92,,"loteamento maria alice costela, 63",es
Rebeca Da Rosa,640.***.***-22,,trecho da mata,sc
Henrique Monteiro,378.***.***-73,,"largo theo silva, 91",sp
Ana Beatriz Teixeira,243.***.***-17,,"viaduto ferreira, 22",pe
Luigi Da Rosa,316.***.***-87,,"pátio de rocha, 4",mg
Melissa Dias,170.***.***-05,,"quadra isabel castro, 40",pi
Beatriz Nunes,483.***.***-44,,"praça das neves, 274",sc
Raquel Campos,213.***.***-13,,"estação ana lívia farias, 3",go
Alícia Nascimento,578.***.***-59,,"aeroporto alícia vieira, 84",to
Maria Julia Vieira,495.***.***-67,,"vale oliveira, 15",pr
Igor Ramos,695.***.***-77,,"lago de caldeira, 4",ac
Alice Cardoso,123.***.***-09,,"viaduto araújo, 76",pr
Julia Das Neves,201.***.***-32,,"praça maria sophia da cunha, 71",pi
Kamilly Rezende,470.***.***-74,,"setor de pires, 39",ro
Breno Freitas,205.***.***-41,,"loteamento de ferreira, 24",pa
Ana Lívia Da Paz,347.***.***-69,,"ladeira gomes, 10",rj
Sr. Daniel Cavalcanti,609.***.***-33,,"núcleo de da paz, 894",go
Sr. Pedro Cavalcanti,863.***.***-84,,recanto de melo,ba
João Melo,053.***.***-20,,"via de santos, 172",al
Eloah Viana,694.***.***-22,,"chácara isabella melo, 9",pb
Catarina Vieira,631.***.***-28,,"lagoa moraes, 1",go
Dra. Emanuelly Da Luz,549.***.***-20,,"trevo peixoto, 13",rs
Júlia Araújo,324.***.***-14,,"passarela de alves, 45",al
Enrico Aragão,496.***.***-34,,trevo de porto,am
Sr. Bruno Pires,428.***.***-49,,"quadra pinto, 896",am
Daniela Freitas,786.***.***-28,,"aeroporto de pires, 59",ce
Samuel Caldeira,801.***.***-86,,campo monteiro,ap
Aaaaaaaaaaaaaaaaaaaaaaaaaaaaaaaaaaaaaaaaaaaaaaaaaaaaaa,930.***.***-38,,"colônia da rocha, 31",rn
Aaaaaaaaaaaaaaaaaaaaaaaaaaaaaaaaaaaaaaaaaaaaaaaaaaaaaa,146.***.***-00,,"estrada nogueira, 21",pb
Renan Da Luz,294.***.***-23,,rua não cadastrada,pr
Caroline Costa,401.***.***-88,,rua não cadastrada,rs
Giovanna Farias,241.***.***-35,,rua não cadastrada,rj
Maitê Araújo,496.***.***-55,,rua não cadastrada,rs
Lavínia Da Mota,039.***.***-00,,rua não cadastrada,es
Igor Cardoso,345.***.***-05,,rua não cadastrada,am
Maria Julia Campos,018.***.***-13,,rua não cadastrada,mg
Marcos Vinicius Das Neves,617.***.***-02,,rua não cadastrada,ro
Isabel Barbosa,986.***.***-02,,rua não cadastrada,mg
Ryan Gomes,861.***.***-60,,rua não cadastrada,sp
Breno Duarte,463.***.***-98,,rua não cadastrada,to
Eloah Peixoto,064.***.***-16,,rua não cadastrada,mg
Luiza Sales,726.***.***-80,,rua não cadastrada,go
Dr. Alexandre Sales,427.***.***-40,,rua não cadastrada,sp
Alícia Campos,162.***.***-94,,rua não cadastrada,go
Luigi Porto,826.***.***-83,,"parque de santos, 88",pi
